{"count":1,"gauges":{},"self":4.197272,"total":4.2775263,"children":{"AgentResetIfDone":{"count":199,"self":0.0010234,"total":0.0010234,"children":null},"AgentSendState":{"count":199,"self":0.0169662,"total":0.065320099999999992,"children":{"CollectObservations":{"count":2388,"self":0.0483539,"total":0.0483539,"children":null}}},"DecideAction":{"count":199,"self":0.0039622,"total":0.0039622,"children":null},"AcademyStep":{"count":199,"self":0.0019959,"total":0.0019959,"children":null},"AgentAct":{"count":199,"self":0.0069552,"total":0.0069552,"children":null}}}