{"cameraMode":{"drawMode":0,"name":"Shaded","section":"Shading Mode"},"sceneLighting":true,"audioPlay":false,"sceneViewState":{"showFog":true,"showMaterialUpdate":false,"showSkybox":true,"showFlares":true,"showImageEffects":true,"showParticleSystems":true},"in2DMode":false,"pivot":{"x":-36.254974365234378,"y":7.006546497344971,"z":17.85580062866211},"rotation":{"x":0.0771489292383194,"y":-0.92259281873703,"z":0.27964267134666445,"w":0.2544421851634979},"size":1.5000219345092774,"orthographic":false}